序号,链接,节点数
0,http://101.200.14.80:3325/api/v1/client/subscribe?token=465325a70b0a58f7592cb2acf2215274,23
1,http://15.197.234.117:40329/sub/e788fc41033ac908/clash/%E9%A3%9E%E9%B8%9F%E5%8A%A0%E9%80%9F?route=0,107
2,http://47.239.210.43/api/v1/client/subscribe?token=3aa622e54ee7dd7599dc7b3c5678e78e,49
3,http://6bsub.zhunchuanpb.com/api/v1/client/subscribe?token=16023278f7dd0a98aa927bf2648b6a7c,69
4,http://best.momoxiaodian.cc/mo99/serve/axiba/gov?token=42763f88aad0cf9243ed69b5c16364f4,21
5,http://em7.buzz/v3/subscr?id=5359840131e14ce3bb2e6c00a8fc3e01,26
6,http://g3i.buzz/v3/subscr?id=16cc70663cb340018a7ad5a146cc8428,26
7,http://gbtgurl01.org/api/v1/client/subscribe?token=36d0372903b8af596c41a5a8c14b8e32,13
8,http://gbtgurl01.org/api/v1/client/subscribe?token=57838ab51e019455d79c061df8830ee8,13
9,http://vip.365cloud.me/api/v1/client/subscribe?token=9c18a0ec1053e6a65f51dc7cc6493ced,26
10,https://1.bethebest.eu.org/api/v1/client/subscribe?token=846d0801c50b4d5bc700617a1e38caaf,33
11,https://1321078938-11mmjf3qkb-hk.scf.tencentcs.com/api/v1/client/subscribe?token=cb1270a6aa0980c4de79b49aad8098f7,2
12,https://2381bfde-8c93-4701-8f14-24f071067a1a.nginx24bit.xyz/api/v1/client/subscribe?token=7a34a7e4d092c4bc11064c4ca594a15c,45
13,https://523qaweg246.pandafly.site/api/v1/client/subscribe?token=10df3d3eaadae9a959d708f1b8e2f8b4,51
14,https://523qaweg246.pandafly.site/api/v1/client/subscribe?token=636e39ca07291ce9e071ff437831ad59,16
15,https://523qaweg246.pandafly.site/api/v1/client/subscribe?token=eeb951cb53c61b633a8773120ffc3cd0,16
16,https://52pokemon.xz61.cn/api/v1/client/subscribe?token=4de873b4c22a0fc6dc2bc9d88f9942a6,51
17,https://52pokemon.xz61.cn/api/v1/client/subscribe?token=4de873b4c22a0fc6dc2bc9d88f9942a6&amp;types=,51
18,https://52pokemon.xz61.cn/api/v1/client/subscribe?token=4de873b4c22a0fc6dc2bc9d88f9942a6&amp;types=2025,51
19,https://52pokemon.xz61.cn/api/v1/client/subscribe?token=9e40db08b7e09b7471c99b89c4c3d7d6,51
20,https://52pokemon.xz61.cn/api/v1/client/subscribe?token=e146687d49b69b56c5270b2a32e6c7b0&amp;freeVPNjd,51
21,https://8088.hssl8088.icu/api/v1/client/subscribe?token=7ac2d76a1dcc228d9328ed26e22cf6c0,40
22,https://9bd4028e.ghelper.me/subs/clash/e64615699bd4028e7ed0e1b6e7eb9655,24
23,https://V7Duv7.mcsslk.xyz/1a70db5dee0cd28c8ff1d62c491b0d78,37
24,https://YQZQQHGLWm.prosubnet02.eu:8443/api/v1/client/aebce815b7bf49678c817aa5900da668,4
25,https://ap.niaodi.top/niao?token=cdaa1b1f44005a4ed020ea98e001d0c5,6
26,https://api-hx.02000.net/api/v1/client/subscribe?token=0421949f1b1a6f9f0c748c33d8ab7411,42
27,https://api-hx.02000.net/api/v1/client/subscribe?token=4fc512b5d067a28b6f595e01d41ae5fa,42
28,https://api-hx.02000.net/api/v1/client/subscribe?token=5d853f12858ac5e6af766cbc4faf56c7,42
29,https://api-hx.02000.net/api/v1/client/subscribe?token=9f44dff9e7a82425fc71e78c9d79fbb1,42
30,https://api.liltjay.ip-ddns.com/TQWMYCWH2D,15
31,https://api.ssrsub.com/api/v1/client/subscribe?token=22c168a0eb606bdd60c7530f152e15b0,16
32,https://api.xinyo.vip/api/v1/client/subscribe?token=32766ad77e22239683fc3b9e2a06f4bd,4
33,https://api.xinyo.vip/api/v1/client/subscribe?token=5a563d7330dd13ce16ec909ea4257548,4
34,https://api.xinyo.vip/api/v1/client/subscribe?token=731485d80bbbde226e16ffac57a57554,4
35,https://api.xinyo.vip/api/v1/client/subscribe?token=825684aa7107efeabe525c12bd10bd02,4
36,https://api.xinyo.vip/api/v1/client/subscribe?token=b0e5f918cf3c088dcfa65bf1f0a40ba1,4
37,https://api.xinyo.vip/api/v1/client/subscribe?token=bb57e2195a6cabe24ed9469b3669aa0d,4
38,https://api.xinyo.vip/api/v1/client/subscribe?token=d9063e2f55e2c52c1ecb0279c25de3bd,4
39,https://api1.fzdwf.top/api/v1/client/subscribe?token=67706c7a66b91ab14742f3e54771037f,61
40,https://aq.louwangzhiyu.xyz/api/v1/client/subscribe?token=60ea712bdae276ada7d4a60bf98992e4,10
41,https://asa035.888545.xyz/api/v1/client/subscribe?token=fae7131a1aec965c0dab40594cc20879,27
42,https://awacloud.online/api/v1/client/subscribe?token=b2729693ba778553f104da87351a59cf,33
43,https://b.bbydy.org/api/v1/client/subscribe?token=b5cc7efa2d437b688b2d603da9639090,2
44,https://b3b0549e-160e-495a-a528-cccf5148bc48.372372.xyz/api/v1/client/subscribe?token=db8f691dbae4050ab22e5fe68351befb,25
45,https://b3b0549e-160e-495a-a528-cccf5148bc48.372372.xyz/api/v1/client/subscribe?token=db8f691dbae4050ab22e5fe68351befb&amp,25
46,https://bat.fcbjw.com/api/v1/client/subscribe?token=808ce1bbfef7f084048fb87f341ab8c4,129
47,https://bayoeorescentpossessicoanseparateuneforescenphocommitte.adoptangelaboradvacotionclwonthorughconfrmcompimentdeseertaltar.org/link/wUb3aAiSamxS64nu?clash=2,228
48,https://bbg.bbgjc.cc/api/v1/client/subscribe?token=5b4d09740029338c95d86d1a55a93932,10
49,https://bbg.bbgjc.cc/api/v1/client/subscribe?token=b74fde0a1b33d04b71b63c699e6ae1a0,10
50,https://bbg.bbgjc.cc/api/v1/client/subscribe?token=fe6e16ac63a5228a3ac47f540ff0f59b,10
51,https://bbgjc.cc/api/v1/client/subscribe?token=bd52599c078786e507b937a1412f4728,10
52,https://bbgjc.cc/api/v1/client/subscribe?token=f92307afae7e199dc73c3025db624ec0,10
53,https://c4.notesync.org/api/v1/client/subscribe?token=ilNuUvChu6eQ2lQuHbATPYmn0HuZQD1Q&amp;flag=clash,49
54,https://cat.ikkt.cn/api/v1/client/subscribe?token=83d0fede9cd582b53b169c6feeea793d,31
55,https://cf-workers-sub-9s8.pages.dev/CSDN,178
56,https://cfj.chuifengji.top/cfj/vip/client/subscribe?token=01b2bc779f404871d8d60b1ba3d8b2ce,13
57,https://cfj.chuifengji.top/cfj/vip/client/subscribe?token=3221e7076f73068d7963097f57e00a4f,13
58,https://cfj.chuifengji.top/cfj/vip/client/subscribe?token=3221e7076f73068d7963097f57e00a4f&amp;flag=meta,13
59,https://ch.cukug.website/api/v1/client/subscribe?token=21827ac5d8af4a5e52aa7d68d493ede2,10
60,https://ch.cukug.website/api/v1/client/subscribe?token=3e4ad9ef197db68d199e5d1a4e27eee3,10
61,https://ch.cukug.website/api/v1/client/subscribe?token=3e4ad9ef197db68d199e5d1a4e27eee3&amp;types=#,10
62,https://ch.cukug.website/api/v1/client/subscribe?token=3e4ad9ef197db68d199e5d1a4e27eee3&amp;types=,10
63,https://ch.cukug.website/api/v1/client/subscribe?token=3e4ad9ef197db68d199e5d1a4e27eee3&amp;types=SOCK,10
64,https://ch.cukug.website/api/v1/client/subscribe?token=3e4ad9ef197db68d199e5d1a4e27eee3&amp;types=SOck,10
65,https://ch.cukug.website/api/v1/client/subscribe?token=3e4ad9ef197db68d199e5d1a4e27eee3&amp;types=SS,10
66,https://ch.cukug.website/api/v1/client/subscribe?token=3e4ad9ef197db68d199e5d1a4e27eee3&amp;types=Sock,10
67,https://ch.cukug.website/api/v1/client/subscribe?token=3e4ad9ef197db68d199e5d1a4e27eee3&amp;types=Ss,10
68,https://ch.cukug.website/api/v1/client/subscribe?token=3e4ad9ef197db68d199e5d1a4e27eee3&amp;types=all,10
69,https://ch.cukug.website/api/v1/client/subscribe?token=3e4ad9ef197db68d199e5d1a4e27eee3&amp;types=clash,10
70,https://checkhere.top/link/eEcYsWEOfuHOGcpF?clash=1,134
71,https://cloud.xjyjc.top/vio/cloud/client/subscribe?token=59f540201df8f8b0b6eaf78b7c4e6194,8
72,https://cloud.xjyjc.top/vio/cloud/client/subscribe?token=59f540201df8f8b0b6eaf78b7c4e6194&amp;@daifu888888888888,8
73,https://cloudfisher.top/jsk34?token=b7f55ce12c227c39c89f65a1998ab8ba,51
74,https://cola.xn--chqu2nzsxv3y.com/api/v1/client/subscribe?token=1a1412046a5696fc9596b737e668d7a5,41
75,https://cola.xn--chqu2nzsxv3y.com/api/v1/client/subscribe?token=84addb61c3a2639f5a2fa219771e6e9d,41
76,https://cola.xn--chqu2nzsxv3y.com/api/v1/client/subscribe?token=dc651326e2ce650def8fc3772d7187c5,41
77,https://cpdd.one/sub?token=004c8f491fd34b029cd81badf89f8ced,4
78,https://cshjc.xz61.cn/api/v1/client/subscribe?token=360af6e2ac5236eea087763aaa98676a,32
79,https://d2f42a86-2a1f-49b5-bd2f-d2154daa6a09.com/api/v1/client/subscribe?token=9f94bdaabe3a18cbf142101e29f451df,130
80,https://d7b12d59-21aa-9561-087f-89c834ac7fe8.372372.xyz/api/v1/client/subscribe?token=4c409288a54caf5d44ab2a537f814bb8&amp,25
81,https://d7b12d59-21aa-9561-087f-89c834ac7fe8.372372.xyz/api/v1/client/subscribe?token=5d8d7e20b02946587c9db997b91e3fcc,25
82,https://d7b12d59-21aa-9561-087f-89c834ac7fe8.372372.xyz/api/v1/client/subscribe?token=5d8d7e20b02946587c9db997b91e3fcc&amp;amp;amp;flag=shadowrocket,25
83,https://d7b12d59-21aa-9561-087f-89c834ac7fe8.372372.xyz/api/v1/client/subscribe?token=5d8d7e20b02946587c9db997b91e3fcc&amp;amp;flag=shadowrocket,25
84,https://d7b12d59-21aa-9561-087f-89c834ac7fe8.372372.xyz/api/v1/client/subscribe?token=5d8d7e20b02946587c9db997b91e3fcc&amp;flag=shadowrocket,25
85,https://dIDlSV.absslk.xyz/1553b538b7eb19ef12cef68b00a21366,0
86,https://dy.huidu718.com/dingyue?token=2742afbff6fb37c6ba53b6ecee9f6db1,33
87,https://dy.magicm.link/api/v1/client/subscribe?token=19f42392d2557761ce3225bde072a7d0,52
88,https://dy.magicm.link/api/v1/client/subscribe?token=19f42392d2557761ce3225bde072a7d0&amp;freeVPNjd,52
89,https://fn1.170809.xyz/api/v1/client/subscribe?token=d0e40e7ce88e354269b14e2c999820c2,53
90,https://getafreenode.com/subscribe/?uuid=5af5e263-f03e-4329-a4c5-9aac626efdc2,0
91,https://gitlab.com/colloq168/nodefiltrate/-/raw/main/filtrate?ref_type=heads,24
92,https://hn1r5k7322.bitmusttw.com/api/v1/client/subscribe?token=b8474f5ce66e433def4bde5e72178896,5
93,https://ipngc.no-mad-world.club/link/nnaCD6oVR3L5GrBq?shadowrocket=1,0
94,https://l.db-link01.top/link/1H9b3ZbQHuRbeGUP?clash=1,0
95,https://l.db-link01.top/link/BauoUCZPTZWvzQgK?clash=1,0
96,https://l.db-link01.top/link/mcRDCTAfHQXPjJhu?list=shadowrocket,9
97,https://l.db-link01.top/link/mqQ5gNhWbR2TBtSo?list=shadowrocket,9
98,https://laosijicc.top/lsj/vip/client/subscribe?token=75d83fa572aa17189edbb41e869e3fe0,10
99,https://laosijicc.top/lsj/vip/client/subscribe?token=887dd710b62d6e8c5939f38dae3ea551,10
100,https://laosijicc.top/lsj/vip/client/subscribe?token=b5819094af012e1df7b26fa9ace2b21b,10
101,https://laosijicc.top/lsj/vip/client/subscribe?token=b5819094af012e1df7b26fa9ace2b21b&amp,10
102,https://laosijicc.top/lsj/vip/client/subscribe?token=e4e94e7edfb721e3fe642413ca1eb42a,10
103,https://lianjiasub.work/api/v1/client/subscribe?token=b48578f8cdb8c117d0433cae09f591a0,19
104,https://link01.fliggylink.xyz/api/v1/client/subscribe?token=fe86cc67f7404c08e5f9d70343329667,54
105,https://link1.db-sub.xyz/link/c0m1TKa0rHNSXjP4?list=shadowrocket,9
106,https://linke.phantasy.life/api/v1/client/subscribe?token=0072d7d5b225b936675b2f6d5e87d9de,8
107,https://linke.phantasy.life/api/v1/client/subscribe?token=1cc7a298ad12e7ac0dfd87f579da2023,8
108,https://linke.phantasy.life/api/v1/client/subscribe?token=1cc7a298ad12e7ac0dfd87f579da2023&amp;flag=meta,8
109,https://linke.phantasy.life/api/v1/client/subscribe?token=65f8bd6497356cbe1a375e6cf51c4ea2,8
110,https://linke.phantasy.life/api/v1/client/subscribe?token=881e3b9aa28e204bf363c94ecc40ff11,8
111,https://lmjc.xyz/api/lmjc?token=dac0cb26b65e5724cc493bd6173ea25e,18
112,https://m4y2z.no-mad-world.club/link/NornheyemazUtarM?clash=3,7
113,https://mojie.app/api/v1/client/subscribe?token=0ce896d17bde60480c9e1a8bb540b29e,49
114,https://mojie.app/api/v1/client/subscribe?token=ce77d629eb0bcea28739ffefa5620218,49
115,https://mojie.co/api/v1/client/subscribe?token=21e29de55733e92dbb0b0af9f048b294,49
116,https://movie2.dianying.lat/api/v1/client/subscribe?token=ab198f3defde6d478edc297d098846de,34
117,https://mro5n.no-mad-world.club/link/5sXDluQT5cSVGrSF?clash=3&amp;extend=1,7
118,https://nuonuonet.uk/api/v1/client/subscribe?token=96a57e2c509347ae3eacc1d25326b933,0
119,https://onlysub.mjurl.com/api/v1/client/subscribe?token=24691c7db62c4214d6e96ff128da0b6f,49
120,https://onlysub.mjurl.com/api/v1/client/subscribe?token=24691c7db62c4214d6e96ff128da0b6f&amp;@Violet_99,49
121,https://onlysub.mjurl.com/api/v1/client/subscribe?token=24691c7db62c4214d6e96ff128da0b6f&amp;@mrbeemhy,49
122,https://onlysub.mjurl.com/api/v1/client/subscribe?token=6dbf0b92279e3ca9448b883496d8870f,49
123,https://pavo.eu.org/api/v1/client/subscribe?token=f548cee7fef0b06cbed0983c7cd901d2,14
124,https://qidijichang.xyz/api/configqd?token=099bfe46e8d27718e579f85bc18c37e6,20
125,https://raw.githubusercontent.com/Alvin9999/pac2/master/clash.meta2/1/config.yaml,0
126,https://raw.githubusercontent.com/Alvin9999/pac2/master/clash.meta2/13/config.yaml,0
127,https://raw.githubusercontent.com/Alvin9999/pac2/master/clash.meta2/15/config.yaml,0
128,https://raw.githubusercontent.com/Alvin9999/pac2/master/clash.meta2/2/config.yaml,0
129,https://raw.githubusercontent.com/Alvin9999/pac2/master/clash.meta2/config.yaml,0
130,https://raw.githubusercontent.com/Huibq/TrojanLinks/master/links/vmess,0
131,https://raw.githubusercontent.com/Surfboardv2ray/TGParse/main/python/hy2,8
132,https://raw.githubusercontent.com/Surfboardv2ray/TGParse/main/python/hysteria2,43
133,https://raw.githubusercontent.com/qjlxg/hy2/main/splitted/hy2,11
134,https://raw.githubusercontent.com/ripaojiedian/freenode/main/clash,27
135,https://raw.githubusercontent.com/ripaojiedian/freenode/main/sub,26
136,https://raw.githubusercontent.com/zhangkaiitugithub/passcro/main/speednodes.yaml,42
137,https://rxxqa.no-mad-world.club/link/j7an2TTYPEdL9qGO?clash=3&amp;extend=1,7
138,https://s.33y.run/v3/subscr?id=0ba4a24015864a54929c26389c8a4111,27
139,https://s.33y.run/v3/subscr?id=59aefa2d968a472bbbe0905bb3ae492e,27
140,https://s1.bnsubservdom.com/api/v1/client/subscribe?token=c03752033d7f2b0ba9f1e8ef0b174307,41
141,https://s1.bnsubservdom.com/api/v1/client/subscribe?token=ddb812c71b22cf41f0588e0cc487c077,0
142,https://sakuracat1203.xn--3iq226gfdb94q.com/api/v1/client/subscribe?token=1356f5110c60f1e8823a0962af290c72,48
143,https://sakuracat1203.xn--3iq226gfdb94q.com/api/v1/client/subscribe?token=419b2712c5ff93b0e8f3f280e5ca9d70,130
144,https://sakuracat1203.xn--3iq226gfdb94q.com/api/v1/client/subscribe?token=b5c8c84bd89ed59a284ed10cb8814436,131
145,https://sakuracat1203.xn--3iq226gfdb94q.com/api/v1/client/subscribe?token=b5c8c84bd89ed59a284ed10cb8814436&amp;@o00oxooo,131
146,https://sakuracat1203.xn--3iq226gfdb94q.com/api/v1/client/subscribe?token=d14d8550cc425bdf8e44e2a6c9951759,48
147,https://server.fylink.link/api/public/sub/0d18e43cbd27444a82b67b9b49b973f0/FYLink,10
148,https://server.fylink.link/api/public/sub/8fa7c0881462480d909e6a1875e039e7/FYLink,10
149,https://server.fylink.link/api/public/sub/a40205edd0454a9090e0276f09b36009,10
150,https://server.fylink.link/api/public/sub/a40205edd0454a9090e0276f09b36009/FYLink,10
151,https://server.fylink.link/api/public/sub/b50f8491769c4c7582115d402b844660/FYLink,10
152,https://server.fylink.link/api/public/sub/b5d084e828f44f8b8518112cb19939e8/FYLink,10
153,https://soonlink.xn--wqr30o34q.xn--io0a7i/api/v1/client/subscribe?token=b0380a2fe48733ef2fdd8608e3e579e2,17
154,https://soonlink.xn--wqr30o34q.xn--io0a7i/api/v1/client/subscribe?token=b0380a2fe48733ef2fdd8608e3e579e2&amp,17
155,https://ss.81dlg.com/dy/ss?token=eca8bdaa53971b4ae0ede49cde56a332,72
156,https://study.jaycloud11111.top/study?token=22430dc7be597902fddd6e71d78a283a,10
157,https://study.jaycloud11111.top/study?token=5d89a3256b06717d01ab5d732e2a0e45,9
158,https://study.jaycloud11111.top/study?token=5d89a3256b06717d01ab5d732e2a0e45&amp;@wikigo1,9
159,https://study.jaycloud11111.top/study?token=cb345153dbcbcb91c6b344140a33e22f,10
160,https://study.jaycloud11111.top/study?token=ea9d115179b89ad752737bceaf1d1ce6,10
161,https://sub.372372.xyz/api/v1/client/subscribe?token=024e356371111d8f84b0d93052868143,25
162,https://sub.372372.xyz/api/v1/client/subscribe?token=5350e56b94a859a4a8a060bc7ffb5463,25
163,https://sub.bxy.org.uk/api/v1/client/subscribe?token=e57e0cae5405ee66d3eb9059a4e7e13a,36
164,https://sub.bxy.org.uk/api/v1/client/subscribe?token=e57e0cae5405ee66d3eb9059a4e7e13a&amp,36
165,https://sub.miaolianyun.vip/mly_sub?token=ddbf2b93e2f87f871aba3c0c33e5a63f,84
166,https://sub.nodeup.top/IBMQR/MXW62/JK?token=d0667212652e27de9e62193b8a001cb8,45
167,https://sub.pianyijichang.com/s/00929ca0892da1be3b2e03ceb000a198#%E4%BE%BF%E5%AE%9C%E6%9C%BA%E5%9C%BA,292
168,https://sub.pianyijichang.com/s/04e18edcbee1dc197c7872b090300444,292
169,https://sub.pianyijichang.com/s/680c380e6c71929584c0a21c61496b92,292
170,https://sub.pianyijichang.com/s/73198f6dbae04b91fa490bd448970e23,292
171,https://sub.xiaomf.store/link/LLWmOb0Dz6klyVIi?clash=1,24
172,https://sub.xinyo.vip/api/v1/client/subscribe?token=191ff749aef5fc340847cb7b846e8be1,4
173,https://sub.xinyo.vip/api/v1/client/subscribe?token=3378f3d5f9ab4d07d898ecb9132546a7,4
174,https://sub.xinyo.vip/api/v1/client/subscribe?token=afab256888ae6487f2287d22b21cb779,4
175,https://sub.xn--2vxn29amga.com/s/2cc9af4bc8ff134a8f612d3caebb5a05,23
176,https://sub.xn--2vxn29amga.com/s/4608a1e2cdaf491c7e28ca640512d153,23
177,https://sub.xn--2vxn29amga.com/s/7f0a84850b58d7cd6e238b22f80ab97a,23
178,https://sub.xn--2vxn29amga.com/s/ace14e43b838e19fd34e662b6f628683,23
179,https://sub.xn--2vxn29amga.com/s/da93ec0a57613c6f86e68e77c66541c5,23
180,https://sub.xn--2vxn29amga.com/s/e6d6bbbeec3dfe38f37c3ed63ff4eea2,23
181,https://sub.xn--4gq62fv6r4w0c.com/s/3d2f87789d38170d8b8e87eaa44b02fe,292
182,https://xn--yetu3xij4b.com/s/f67a5d11026ca465cfe378f029e564b8,292
183,https://xsus.wiki/api/v1/client/subscribe?token=d0bd22a534e76a5eb6aca4f3e60b5af5&amp;flag=clash,0
184,https://yt.xn--49sq15btnijvp.xn--fiqs8s/yt?token=57c7a9bc5ad57d5a38e2c9145f4d07a4,2
185,https://zjsub.gitpub.top/api/v1/client/subscribe?token=140c71acf1ef34766c267f9ea36ba79f,1
186,dynamic://peasoft,0

总计,,3544
